Geldbörsen;Geldbeutel
Geldbörsen;Brieftaschen
Geldbörsen;Brustbeutel
Geldbörsen;Bügelbörsen
Geldbörsen;Geldbörsen
Geldbörsen;Kellnerbörsen
Geldbörsen;Mini Geldbörsen
Geldbörsen;Schlüsseltaschen
Geldbörsen;Portemonnaies
Geldbörsen;Beutel
Geldbörsen;Schlüsselanhänger
Geldbörsen;Visitenkarten-Etuis
Geldbörsen;Reisepass-Etuis
Geldbörsen;Etuis
Geldbörsen;Geldklammer
Geldbörsen;Kellnerbörse
Geldbörsen;Kreditkartenetui
Geldbörsen;Münzbörsen
Geldbörsen;Reisepasshüllen
Geldbörsen;Visitenkartenetui
Gürtel;Anzuggürtel
Gürtel;Flechtgürtel
Gürtel;Hosenträger
Gürtel;Koppelgürtel
Gürtel;Ledergürtel
Gürtel;Lederimitatgürtel
Gürtel;Nietengürtel
Gürtel;Stoffgürtel
Gürtel;Breite Gürtel
Gürtel;Hüftgürtel
Gürtel;Kettengürtel
Gürtel;Schmale Gürtel
Gürtel;Taillengürtel
Gürtel;Gürtelschnallen
Gürtel;Obi-Gürtel
Gürtel;Wendegürtel
Handschuhe;Fleecehandschuhe
Handschuhe;Fäustlinge
Handschuhe;Lederhandschuhe
Handschuhe;Partnerhandschuhe
Handschuhe;Strickhandschuhe
Handschuhe;Wollhandschuhe
Handschuhe;Fingerhandschuhe
Handschuhe;Kurzfingerhandschuhe
Handschuhe;Fellhandschuhe
Handschuhe;Fingerlose Handschuhe
Handschuhe;Touchscreen-Handschuhe
Handschuhe;Abendhandschuhe
Krawatten & Fliegen;Fliegen
Krawatten & Fliegen;Breite Krawatten
Krawatten & Fliegen;Einstecktücher
Krawatten & Fliegen;Krawattennadeln
Krawatten & Fliegen;Schmale Krawatten
Krawatten & Fliegen;Seidenkrawatten
Manschettenknöpfe;
Mützen/Hüte;Mützen
Mützen/Hüte;Hüte
Mützen/Hüte;Caps
Mützen/Hüte;Ohrenwährmer
Mützen/Hüte;Stirnbänder
Mützen/Hüte;Cowboyhüte
Mützen/Hüte;Fedora Hüte
Mützen/Hüte;Filzhüte
Mützen/Hüte;Fischerhüte
Mützen/Hüte;Glockenhüte
Mützen/Hüte;Lederhüte
Mützen/Hüte;Melonen
Mützen/Hüte;Schlapphüte
Mützen/Hüte;Sonnenhüte
Mützen/Hüte;Strohhüte
Mützen/Hüte;Trilbys
Mützen/Hüte;Ballonmützen
Mützen/Hüte;Baskenmützen
Mützen/Hüte;Beanies
Mützen/Hüte;Bommelmützen
Mützen/Hüte;Fellmützen
Mützen/Hüte;Ohrenmützen
Mützen/Hüte;Ohrenwärmer
Mützen/Hüte;Skimützen
Mützen/Hüte;Strickmützen
Mützen/Hüte;Panamahüte
Mützen/Hüte;Safarihüte
Mützen/Hüte;Sommerhüte
Mützen/Hüte;Zylinder
Mützen/Hüte;Army Caps
Mützen/Hüte;Baseball Caps
Mützen/Hüte;Leder Caps
Mützen/Hüte;Sonnenschilde
Mützen/Hüte;Trucker Caps
Mützen/Hüte;Fellmütze
Mützen/Hüte;Filzmütze
Mützen/Hüte;Fleecemütze
Mützen/Hüte;Fliegermützen
Mützen/Hüte;Häkelmützen
Mützen/Hüte;Lapplandmützen
Mützen/Hüte;Schiebermützen
Mützen/Hüte;Schirmmützen
Mützen/Hüte;Turbanmützen
Mützen/Hüte;Earbags
Mützen/Hüte;Earbands
Mützen/Hüte;Ohrenschützer
Mützen/Hüte;Stockschirme
Mützen/Hüte;Taschenschirme
Schlüsselanhänger;
Schmuck;Bijouterie
Schmuck;Brillen
Schmuck;Echtschmuck
Schmuck;Modeschmuck
Schmuck;Amrbänder
Schmuck;Colliers
Schmuck;Ketten
Schmuck;Ohrringe
Schmuck;Ringe
Schmuck;Halsketten
Schmuck;Armbänder
Schmuck;Anhänger
Schmuck;Haarschmuck
Schmuck;Broschen
Schmuck;Fußschmuck
Schmuck;Körperketten
Schmuck;Ohrschmuck
Schmuck;Schlüsselanhänger
Schmuck;Schmuck Sets
Schmuck;Charms
Schmuck;Fußkettchen
Schmuck;Piercings
Schmuck;Schmuckaufbewahrungen
Schmuck;Schmucksets
Sonnenbrillen;Eckige Sonnenbrille
Sonnenbrillen;Monoscheibe Sonnenbrille
Sonnenbrillen;Ovale Sonnenbrille
Sonnenbrillen;Pilotenbrille
Sonnenbrillen;Retro Sonnenbrille
Sonnenbrillen;Runde Sonnenbrille
Sonnenbrillen;Wayfarer
Sonnenbrillen;Oversize Sonnenbrillen
Sonnenbrillen;Pilotenbrillen
Sonnenbrillen;Runde Sonnenbrillen
Sonnenbrillen;Shutter Shades
Sonnenbrillen;Sportliche Sonnenbrillen
Sonnenbrillen;Verspiegelte Sonnenbrillen
Stulpen;Armstulpen
Stulpen;Beinstulpen
Taschen;Clutches
Taschen;Ledertaschen
Taschen;Petite Maro
Taschen;Brieftaschen
Taschen;Reisetaschen
Taschen;Rucksäcke
Taschen;Businesstaschen
Taschen;Canvas Taschen
Taschen;Handtaschen
Taschen;Handytaschen
Taschen;Koffer
Taschen;Retro Taschen
Taschen;Shopper
Taschen;Sporttaschen
Taschen;Stofftaschen
Taschen;Umhängetaschen
Taschen;Shopperbags
Taschen;Strandtaschen
Taschen;Kleintaschen
Taschen;Laptoptaschen
Taschen;Abendtaschen
Taschen;Kosmetiktaschen
Taschen;Gürteltaschen
Taschen;Weekender
Taschen;Trolley & Koffer
Taschen;Boardcase
Taschen;Kleidersäcke & Schuhtaschen
Taschen;Reisezubehör
Tücher/Schals;Schlauchschals
Tücher/Schals;Tücher
Tücher/Schals;Schals
Tücher/Schals;Loops
Tücher/Schals;Häkelschals
Tücher/Schals;Kaschmir Schals
Tücher/Schals;Maxi-Schals
Tücher/Schals;Pashminas
Tücher/Schals;Pelzkragen
Tücher/Schals;Seidenschals
Tücher/Schals;Snoods
Tücher/Schals;Sommerschals
Tücher/Schals;Strickschals
Tücher/Schals;Bandanas
Tücher/Schals;Halstücher
Tücher/Schals;Seidentücher
Uhren;Automatikuhren
Uhren;Chronographen
Uhren;Digitaluhren
Uhren;Fliegeruhren
Uhren;Funkuhren
Uhren;Keramikuhren
Uhren;Luxusuhren
Uhren;Multifunktionsuhren
Uhren;Quarzuhren
Uhren;Schweizer Uhren
Uhren;Smartwatches
Uhren;Solaruhren
Uhren;Titanuhren
Uhren;Analoguhren
Uhren;Binäruhren
Uhren;Uhren Mit Lederarmband
