Anzüge;Anzughosen
Anzüge;Anzugsakkos
Anzüge;Anzugwesten
Anzüge;blazer
Anzüge;Einreiher Anzüge
Anzüge;Fracks
Anzüge;hosenanzüge
Anzüge;kostüme
Anzüge;Nadelstreifenanzüge
Anzüge;Sakkos
Anzüge;Schmale Anzüge
Anzüge;Smokings
Anzüge;Zweireiher Anzüge
Bademode;Badeanzüge
Bademode;Badehosen
Bademode;Badekleider
Bademode;Badeschuhe
Bademode;Badeshorts
Bademode;Badetücher
Bademode;bikini tops
Bademode;Bikini-Hosen
Bademode;Bikinis
Bademode;Bikini-Sets
Bademode;Bikini-Tops
Bademode;Boardshorts
Bademode;Boxerbadehosen
Bademode;Mixkinis
Bademode;pants
Bademode;Pareo
Bademode;Strandaccessoires
Bademode;Strandbekleidung
Bademode;Tankinis
Blusen;Ärmellose Blusen
Blusen;Blusen mit Bubikragen
Blusen;Blusenbodies
Blusen;Carmenblusen
Blusen;Chiffonblusen
Blusen;Crinkleblusen
Blusen;Flanellhemden
Blusen;Funktionsblusen
Blusen;Hemdblusen
Blusen;Jeansblusen
Blusen;Karoblusen
Blusen;Klassische Blusen
Blusen;Kurzarm Blusen
Blusen;Langarm Blusen
Blusen;Leinenblusen
Blusen;Longblusen
Blusen;Oversize Blusen
Blusen;Rüschenblusen
Blusen;Satinblusen
Blusen;Schluppenblusen
Blusen;Seidenblusen
Blusen;Sommerblusen
Blusen;Spitzenblusen
Blusen;Trachtenblusen
Blusen;Tuniken
Blusen;Wickelblusen
Hemden;Business Hemden
Hemden;Freizeithemden
Hemden;Gestreifte Hemden
Hemden;Hawaiihemden
Hemden;Jeanshemden
Hemden;Karierte Hemden
Hemden;Kurzarm Hemden
Hemden;Langarm Hemden
Hemden;Smokinghemden
Hemden;Sommerhemden
Hemden;Trachtenhemden
Homewear;Bademäntel
Homewear;Hausanzüge
Homewear;Hauskleider
Homewear;Haussocken
Homewear;Homewear Hosen
Homewear;Kimonos
Homewear;Morgenmäntel
Homewear;Nachthemden
Homewear;Onesies
Homewear;Pyjamas
Hosen;5-Pocket-Hosen
Hosen;7/8-Hosen
Hosen;Baggy Hosen
Hosen;bermudas
Hosen;Bootcut-Hosen & Schlaghosen
Hosen;Bügelfaltenhosen
Hosen;Bundfaltenhosen
Hosen;Caprihosen
Hosen;Cargohosen
Hosen;Chinohosen
Hosen;Cordhosen
Hosen;Culottes
Hosen;Freizeithosen
Hosen;Funktionshosen
Hosen;Gerade Hosen
Hosen;Haremshosen
Hosen;High Waist Hosen
Hosen;hotpants
Hosen;Hüfthosen
Hosen;jummpsuits
Hosen;Karottenhosen
Hosen;Komforthosen
Hosen;kurze hosen
Hosen;Latzhosen
Hosen;Lederhosen
Hosen;Leggings
Hosen;Leinenhosen
Hosen;Outdoorhosen
Hosen;Palazzohosen
Hosen;Reiterhosen
Hosen;Röhrenhosen
Hosen;shorts
Hosen;Sommerhosen
Hosen;Sporthosen
Hosen;Steghosen
Hosen;Stoffhosen
Hosen;Stretch Hosen
Hosen;Sweathosen
Hosen;Treggings
Hosen;Weite Hosen
Jacken;Bikerjacken
Jacken;Blouson Jacken
Jacken;Blousonjacken
Jacken;Blousons
Jacken;Boleros
Jacken;Bomberjacken
Jacken;Bouclé Jacken
Jacken;Cabanjacken
Jacken;Capes
Jacken;Cargojacken
Jacken;Cordjacken
Jacken;Daunenjacken
Jacken;Fellimitatjacken
Jacken;Fieldjackets
Jacken;Fleecejacken
Jacken;Fliegerjacken
Jacken;Funktionsjacken
Jacken;Herbstjacken
Jacken;Jacken mit Pelz
Jacken;Janker
Jacken;Jeansjacken
Jacken;Kapuzenjacken
Jacken;Kimono-Jacken
Jacken;Kunstlederjacken
Jacken;Kurzjacken
Jacken;Langjacken
Jacken;Lederjacken
Jacken;Leichte Jacken
Jacken;Nylonjacken
Jacken;Outdoorjacken
Jacken;Parka
Jacken;Pelzjacken
Jacken;Ponchos
Jacken;Regenjacken
Jacken;Schößchenjacken
Jacken;Softshelljacken
Jacken;Sommerdaunenjacken
Jacken;Sommerjacken
Jacken;Steppjacken
Jacken;Trainingsjacken
Jacken;Übergangsjacken
Jacken;Wachsjacken
Jacken;Wendejacken
Jacken;Westen
Jacken;Windbreaker
Jacken;Windjacken
Jacken;Winterjacken
Jeans;3/4 Jeans
Jeans;5-Pocket-Jeans
Jeans;7/8 Jeans
Jeans;7/8-Jeans
Jeans;Baggy Jeans
Jeans;Bootcut
Jeans;Bootcut Jeans
Jeans;Bootcut-Jeans
Jeans;Boyfriend Jeans
Jeans;Boyfriend-Jeans
Jeans;Caprijeans
Jeans;Cargojeans
Jeans;Cargo-Jeans
Jeans;Destroyed Jeans
Jeans;Gerade Jeans
Jeans;High Waist Jeans
Jeans;Hüftjeans
Jeans;Jeans Latzhosen
Jeans;Jeans Shorts
Jeans;Jeggings
Jeans;Karottenjeans
Jeans;Latzjeans
Jeans;Loose Fit
Jeans;Loose Fit Jeans
Jeans;Marlene-Jeans
Jeans;Push-up Jeans
Jeans;Regular Fit Jeans
Jeans;Relaxed fit
Jeans;Röhrenjeans
Jeans;schlagjeans
Jeans;Skinny Fit
Jeans;Slim Fit
Jeans;Sommerjeans
Jeans;Straight Leg
Jeans;Stretch Jeans
Jeans;Weite Jeans
Kleider;Abendkleider
Kleider;Babydoll Kleider
Kleider;Babydolls
Kleider;Ballonkleider
Kleider;Bandeau Kleider
Kleider;Bandeaukleider
Kleider;Blusenkleider
Kleider;Bodycon Kleider
Kleider;Brautkleider
Kleider;Bustierkleider
Kleider;Cargokleider
Kleider;Casual Kleider
Kleider;Chiffonkleider
Kleider;Cocktailkleider
Kleider;Corsagenkleider
Kleider;Cut-out Kleider
Kleider;Dirndl
Kleider;Druckkleider
Kleider;Empire Kleider
Kleider;Empirekleider
Kleider;Etuikleider
Kleider;Jeanskleider
Kleider;Jerseykleider
Kleider;Kaftane
Kleider;Kimonokleider
Kleider;Kleider in A-Linie
Kleider;Kleider mit Kragen
Kleider;Kleider mit Schlitz
Kleider;Kurzarmkleider
Kleider;kurze Kleider
Kleider;Langarmkleider
Kleider;Maxikleider
Kleider;Midikleider
Kleider;Minikleider
Kleider;Neckholder Kleider
Kleider;Neckholderkleider
Kleider;One Shoulder Kleider
Kleider;One Shoulder-Kleider
Kleider;Partykleider
Kleider;Petticoat Kleider
Kleider;Plisséekleider
Kleider;Polokleider
Kleider;Rückenfreie Kleider
Kleider;Schößchenkleider
Kleider;Schulterfreie Kleider
Kleider;Shirtkleider
Kleider;Sommerkleider
Kleider;Spitzenkleider
Kleider;Strandkleider
Kleider;Strickkleider
Kleider;Sweatkleider
Kleider;Trägerkleider
Kleider;Tunikakleider
Kleider;Vokuhila Kleider
Kleider;Volantkleider
Kleider;Wickelkleider
Kleider;Winterkleider
Mäntel;Blazermäntel
Mäntel;Daunenmäntel
Mäntel;Dufflecoats
Mäntel;Egg Shape Mäntel
Mäntel;Funktionsmäntel
Mäntel;Gehröcke
Mäntel;Kamelhaarmäntel
Mäntel;Kapuzenmäntel
Mäntel;kunstledermäntel
Mäntel;Kurzmäntel
Mäntel;Langmäntel
Mäntel;Ledermäntel
Mäntel;Mäntel mit Gürtel
Mäntel;parkas
Mäntel;Regenmäntel
Mäntel;Sommermäntel
Mäntel;steppmäntel
Mäntel;Trenchcoats
Mäntel;Wasserfall Mäntel
Mäntel;Wendemäntel
Mäntel;Wintermäntel
Mäntel;Wollmäntel
Pullover;2-in-1 Pullover
Pullover;3/4 Arm-Pullover
Pullover;Cardigans
Pullover;Carmenpullover
Pullover;Cashmere Pullover
Pullover;Cashmere Strickjacken
Pullover;Crop Pullover
Pullover;Fleece Pullover
Pullover;Fleecepullover
Pullover;Grobstrickjacken
Pullover;Häkelpullover
Pullover;Hoodies
Pullover;Kapuzenpullover
Pullover;Kapuzenshirts
Pullover;Kurzarmpullover
Pullover;Longpullover
Pullover;Norweger Pullover
Pullover;Norweger Strickjacken
Pullover;Norwegerpullover
Pullover;Oversize Pullover
Pullover;Ponchos
Pullover;Pullover
Pullover;Pullover mit Fledermausärmeln
Pullover;Pullunder
Pullover;Rollkragenpullover
Pullover;Rundhals Pullover
Pullover;Rundhalspullover
Pullover;Schalkragen Pullover
Pullover;Schulterfreie Pullover
Pullover;Sommerpullover
Pullover;Stehkragenpullover
Pullover;Streifenpullover
Pullover;strickjacken
Pullover;Strickpullover
Pullover;Sweatjacken
Pullover;Sweatshirts
Pullover;Troyer
Pullover;Twin Sets
Pullover;V- Pullover
Pullover;V-Ausschnitt-Pullover
Pullover;V-Pullover
Pullover;Wasserfallpullover
Pullover;Wickeljacken
Pullover;Wickelpullover
Röcke;A-Linien Röcke
Röcke;A-Linienröcke
Röcke;Asymmetrische Röcke
Röcke;Ballonröcke
Röcke;Bleistiftröcke
Röcke;Cargoröcke
Röcke;Faltenröcke
Röcke;Godetröcke
Röcke;Hosenröcke
Röcke;Jeans Röcke
Röcke;Jeansröcke
Röcke;Jerseyröcke
Röcke;Karoröcke
Röcke;Kurze Röcke
Röcke;Lange Röcke
Röcke;Lederimitatröcke
Röcke;Lederröcke
Röcke;Maxiröcke
Röcke;Midiröcke
Röcke;Miniröcke
Röcke;Petticoats
Röcke;Plisséeröcke
Röcke;Röcke in A-Linie
Röcke;Röcke mit Schlitz
Röcke;Sommerröcke
Röcke;Sportröcke
Röcke;Strickröcke
Röcke;Stufenröcke
Röcke;Tellerröcke
Röcke;Tüllröcke
Röcke;Unterröcke
Röcke;Vokuhila Röcke
Röcke;Volantröcke
Röcke;Wickelröcke
Röcke;Winterröcke
Shirts;2-in-1 Shirts
Shirts;Ärmellose Shirts
Shirts;Babydolls
Shirts;Ballonshirts
Shirts;Baseball Shirts
Shirts;Blusenshirts
Shirts;Carmenshirts
Shirts;Crop Shirts
Shirts;Funktionsshirts
Shirts;Kapuzenshirts
Shirts;Langarm Shirts
Shirts;Langarmshirts
Shirts;Longshirts
Shirts;Longsleeves
Shirts;Muskelshirts
Shirts;polo shirts
Shirts;Poloshirts
Shirts;Print-Shirts
Shirts;Rollkragenshirts
Shirts;Rugby Shirts
Shirts;Rundhalsshirts
Shirts;Shirtjacken
Shirts;Sportshirts
Shirts;Tank Tops
Shirts;T-Shirts
Shirts;Tunikashirts
Shirts;V-Shirts
Shirts;Wasserfallshirts
Shirts;Wickelshirts
Shirts;Zipfelshirts
Sportswear;Damen-Fußballtrikots
Sportswear;Fitness Shirts
Sportswear;Fitnesshosen
Sportswear;Fitness­shirts
Sportswear;Funktionspullover
Sportswear;Funktionsshirts
Sportswear;Funktionsshorts
Sportswear;Funktionstops
Sportswear;Fußball­trikots
Sportswear;Gymnastikanzüge
Sportswear;Laufjacken
Sportswear;Lauf­shirts
Sportswear;Lauftops
Sportswear;Saunaanzüge
Sportswear;Skorts
Sportswear;Softshell Jacken
Sportswear;Softshell­jacken
Sportswear;Sport BHs
Sportswear;Sport Leggings
Sportswear;Sportanzüge
Sportswear;Sporthosen
Sportswear;Sportjacken
Sportswear;Sport­kleider
Sportswear;Sportkleider für Damen
Sportswear;Sportröcke
Sportswear;Sport-Shirts
Sportswear;Sportshorts
Sportswear;Sporttops
Sportswear;sweathosen
Sportswear;Tights
Sportswear;trainingsanzüge
Sportswear;Trainingsjacken
Sportswear;Trainingsshirt
Sportswear;Trainings­shirts
Sportswear;trikots
Sportswear;Turnanzüge
Tops;2-in-1-Tops
Tops;Babydolls
Tops;Bandeau Tops
Tops;Bandeau-Tops
Tops;Blusentops
Tops;Corsagentops
Tops;Crop Tops
Tops;Cut Out Tops
Tops;Longtops
Tops;Neckholder Tops
Tops;Neckholdertops
Tops;One Shoulder Tops
Tops;One Shoulder-Tops
Tops;Rollkragentops
Tops;Rückenfreie Tops
Tops;Rüschentops
Tops;Schößchen Tops
Tops;Schulterfreie Tops
Tops;Seidentops
Tops;Sommertops
Tops;Spaghettitops
Tops;Spaghettiträger Tops
Tops;Spitzentops
Tops;Sport Tops
Tops;Stricktops
Tops;Tank Tops
Tops;Tanktops
Tops;Wasserfalltops
Tops;Wickeltops
Trachtenmode;Dirndl
Trachtenmode;Dirndlblusen
Trachtenmode;Janker
Trachtenmode;Trachtenhemden
Trachtenmode;Trachtenhüte
Trachtenmode;Trachtenlederhosen
Trachtenmode;Trachtenmieder
Trachtenmode;Trachtensocken
Trachtenmode;Trachtenwesten
Trachtenmode;Trachtenzubehör
Umstandsmode;Basics
Umstandsmode;Stilloberteile
Umstandsmode;Bauchbänder
Umstandsmode;Umstandsblusen
Umstandsmode;Umstandshosen
Umstandsmode;Umstandsjacken
Umstandsmode;Umstandsjeans
Umstandsmode;Umstandskleider
Umstandsmode;Umstandsleggings
Umstandsmode;Umstandspullover
Umstandsmode;Umstandsröcke
Umstandsmode;Umstands-Sets
Umstandsmode;Umstandsshirts
Umstandsmode;Umstandsstrickjacken
Umstandsmode;Umstandstuniken
Wäsche;Balconette BH
Wäsche;BH
Wäsche;BHs
Wäsche;Bodies
Wäsche;Bodys
Wäsche;Boxershorts
Wäsche;Bügel BH
Wäsche;Dessous
Wäsche;Funktions-BHs
Wäsche;Hipster
Wäsche;Kniestrümpfe
Wäsche;korsagen
Wäsche;Lange Unterhosen
Wäsche;Oberteile
Wäsche;Overkneestrümpfe
Wäsche;Panties
Wäsche;Pants
Wäsche;Push-ups
Wäsche;Retro Pants
Wäsche;Schlüpfer
Wäsche;Shapewear
Wäsche;Shaping-Wäsche
Wäsche;Shirts
Wäsche;Slips
Wäsche;Socken
Wäsche;Sport-BHs
Wäsche;Sportsocken
Wäsche;Strings
Wäsche;Strümpfe
Wäsche;Strumpfhalter
Wäsche;strumpfhosen
Wäsche;Trägerlose BHs
Wäsche;Triangel BH
Wäsche;T-Shirt-BHs
Wäsche;Unterhemden
Wäsche;Unterhose
Wäsche;Unterhosen
Wäsche;Unterteile
Wäsche;variable BHs
