Badeschuhe;Bade-Zehentrenner;
Badeschuhe;Badesandalen;
Badeschuhe;zehentrenner;
Ballerinas;Klassische Ballerinas;
Ballerinas;Faltbare Ballerinas;
Ballerinas;Riemchenballerinas;
Ballerinas;Peeptoe Ballerinas;
Ballerinas;Schaftballerinas;
Ballerinas;Sling-Ballerinas;
Boots/Stiefel;Klassische Stiefel;
Boots/Stiefel;Cowboy-/ Bikerboots;
Boots/Stiefel;Overknees;
Boots/Stiefel;SchnÅrstiefel;
Boots/Stiefel;Keilstiefel;
Boots/Stiefel;Plateaustiefel;
Boots/Stiefel;Gummistiefel;
Boots/Stiefel;Snowboots;
Boots/Stiefel;SchnÅrboots;
Boots/Stiefel;Stiefeletten;
Boots/Stiefel;Stiefel;
Boots/Stiefel;Bikerboots;
Boots/Stiefel;Chelsea-Boots;
Boots/Stiefel;Sommerboots;
Boots/Stiefel;Winterboots;
Boots/Stiefel;Boots;
Boots/Stiefel;Elegante Stiefel;
Boots/Stiefel;Sportliche Stiefel;
Boots/Stiefel;Winterstiefel;
Business-Schuhe;SchnÅrer;
Business-Schuhe;Slipper;
Halbschuhe;Slipper;
Halbschuhe;Mokassins;
Halbschuhe;Espadrilles;
Hausschuhe;HÅttenschuhe;
Hausschuhe;Klassische Hausschuhe;
Hausschuhe;Pantoffeln;
Hausschuhe;Pantoletten;
High Heels;Pumps;
High Heels;Peeptoes;
High Heels;Sandaletten;
High Heels;Stiefeletten;
High Heels;Stiefel;
Outdoor Schuhe;Wanderschuhe;
Outdoor Schuhe;Kletterschuhe;
Outdoor Schuhe;Trekkingschuhe;
Outdoor Schuhe;Hikingschuhe;
Outdoor Schuhe;Walkingschuhe;
Outdoor Schuhe;Alpinstiefel;
Outdoor Schuhe;Bergstiefel;
Outdoor Schuhe;Bergschuhe;
Pantoletten;Clogs;
Pantoletten;Keilpantoletten;
Pantoletten;Klassische Pantoletten;
Pumps;Klassische Pumps;
Pumps;Peeptoes;
Pumps;Keilpumps;
Pumps;Plateaupumps;
Pumps;SchnÅrpumps;
Pumps;Brautschuhe;
Pumps;Hochfrontpumps;
Pumps;Slingpumps;
Pumps;Spangenpumps;
Sandalen;Sandalen;
Sandalen;Zehentrenner;
Sandalen;Elegante Sandalen;
Sandalen;Plateausandalen;
Sandalen;Riemchensandalen;
Sandalen;Rîmersandalen;
Sandalen;Schaftsandalen;
Sandalen;Sportliche Sandalen;
Sandalen;Keilsandaletten;
Sandalen;Plateausandaletten;
SchnÅrschuhe;Elegante SchnÅrer;
SchnÅrschuhe;Sportliche SchnÅrer;
SchnÅrschuhe;Bootsschuhe;
SchnÅrschuhe;Klassische SchnÅrschuhe;
SchnÅrschuhe;Sportliche SchnÅrschuhe;
Sneaker;Sneaker low;
Sneaker;Sneaker high;
Sneaker;Skaterschuhe;
Sneaker;Plateau Sneaker;
Sneaker;Wedge Sneaker;
Sportschuhe;Wassersportschuhe;
Sportschuhe;Trainingsschuhe;
Sportschuhe;Hallenschuhe;
Sportschuhe;Tanzschuhe;
Sportschuhe;Ballettschuhe;
Sportschuhe;Fahrradschuhe;
Sportschuhe;Fitnessschuhe;
Sportschuhe;Handballschuhe;
Sportschuhe;Laufschuhe;
Sportschuhe;Segelschuhe;
Sportschuhe;Tennisschuhe;
Sportschuhe;Walkingschuhe;
Sportschuhe;Wasserschuhe;
Sportschuhe;Wintersportschuhe;
Sportschuhe;Basketballschuhe;
Sportschuhe;Fu·ballschuhe;
Stiefeletten;Klassische Stiefeletten;
Stiefeletten;SchnÅrstiefeletten;
Stiefeletten;Cowboy-/ Bikerstiefeletten;
Stiefeletten;Keilstiefeletten;
Stiefeletten;Plateaustiefeletten;
Stiefeletten;Ankle Boots;
Stiefeletten;Ankleboots;
Stiefeletten;Elegante Stiefeletten;
Stiefeletten;Westernstiefeletten;
Stiefeletten;Winterstiefeletten;
